run_label,correct,total,accuracy,macro_f1,balanced_accuracy,invalid_predictions
qwen2.5-3b_zero-shot,1740,6519,0.266912103083295,0.217812753123553,0.297044830297331,0
meta-llama3-8b-instruct_zero-shot,2697,6519,0.413713759779107,0.280200126386662,0.341413678866956,0
qwen2.5-3b_zero-shot,1740,6519,0.266912103083295,0.21781275312355303,0.2970448302973306,0
