run_label,correct,total,accuracy,macro_f1,balanced_accuracy,invalid_predictions
qwen2.5-3b_one-shot-1ex,2521,6519,0.3867157539499923,0.38910664741266127,0.452121581142928,0
qwen2.5-3b_5-shot,2104,6519,0.3227488878662372,0.30559296683303666,0.37736446003441615,0
